﻿<?xml version="1.0" encoding="UTF-8"?>
<GenerateModel xmlns:xsi="http://www.w3.org/2001/XMLSchema-instance" xsi:noNamespaceSchemaLocation="generateMetaModel_Module.xsd">
  <PythonExport 
    Father="ExtensionPy" 
    Name="DocumentObjectExtensionPy" 
    TwinPointer="DocumentObjectExtension" 
    Twin="DocumentObjectExtension" 
    Include="App/DocumentObjectExtension.h" 
    Namespace="App" 
    FatherInclude="App/ExtensionPy.h" 
    FatherNamespace="App">
    <Documentation>
      <Author Licence="LGPL" Name="Stefan Troeger" EMail="stefantroeger@gmx.net" />
      <UserDocu>Base class for all document object extensions</UserDocu>
    </Documentation>
    <CustomAttributes />
  </PythonExport>
</GenerateModel>
