<?xml version="1.0" encoding="UTF-8"?>
<GenerateModel xmlns:xsi="http://www.w3.org/2001/XMLSchema-instance" xsi:noNamespaceSchemaLocation="generateMetaModel_Module.xsd">
  <PythonExport 
      Father="DocumentObjectPy" 
      Name="DocumentObjectGroupPy" 
      Twin="DocumentObjectGroup" 
      TwinPointer="DocumentObjectGroup" 
      Include="App/DocumentObjectGroup.h" 
      Namespace="App" 
      FatherInclude="App/DocumentObjectPy.h" 
      FatherNamespace="App">
    <Documentation>
      <Author Licence="LGPL" Name="Werner Mayer" EMail="wmayer@users.sourceforge.net" />
      <UserDocu>This class handles document objects in group</UserDocu>
    </Documentation>
    <CustomAttributes />
  </PythonExport>
</GenerateModel>
