﻿<?xml version="1.0" encoding="UTF-8"?>
<GenerateModel xmlns:xsi="http://www.w3.org/2001/XMLSchema-instance" xsi:noNamespaceSchemaLocation="generateMetaModel_Module.xsd">
  <PythonExport 
    Father="PropertyContainerPy" 
    Name="ExtensionContainerPy" 
    TwinPointer="ExtensionContainer" 
    Twin="ExtensionContainer" 
    Include="App/ExtensionContainer.h" 
    Namespace="App" 
    FatherInclude="App/PropertyContainerPy.h" 
    FatherNamespace="App"
    Initialization="true"
    Constructor = "true">
    <Documentation>
      <Author Licence="LGPL" Name="Stefan Troeger" EMail="stefantroeger@gmx.net" />
      <UserDocu>Base class for all objects which can be extended</UserDocu>
    </Documentation>
    <Methode Name="addExtension">
      <Documentation>
        <UserDocu>Adds an extension to the object. Requires the string identifier for the python extension as argument</UserDocu>
      </Documentation>
    </Methode>
    <Methode Name="hasExtension" Const="true">
      <Documentation>
        <UserDocu>Returns if this object has the specified extension</UserDocu>
      </Documentation>
    </Methode>
    <CustomAttributes />
  </PythonExport>
</GenerateModel>
