<?xml version="1.0" encoding="UTF-8"?>
<GenerateModel xmlns:xsi="http://www.w3.org/2001/XMLSchema-instance" xsi:noNamespaceSchemaLocation="generateMetaModel_Module.xsd">
  <PythonExport 
      Father="DocumentObjectPy" 
      Name="GeoFeaturePy" 
      Twin="GeoFeature" 
      TwinPointer="GeoFeature" 
      Include="App/GeoFeature.h" 
      Namespace="App" 
      FatherInclude="App/DocumentObjectPy.h" 
      FatherNamespace="App">
    <Documentation>
      <Author Licence="LGPL" Name="Jürgen Riegel" EMail="FreeCAD@juergen-riegel.net" />
      <UserDocu>This class does the whole placement and position handling</UserDocu>
    </Documentation>
    <Methode Name="getPaths">
      <Documentation>
        <UserDocu>returns all possible paths to the root of the document</UserDocu>
      </Documentation>
    </Methode>
    <Methode Name="getGlobalPlacement">
      <Documentation>
        <UserDocu>Returns the placement of the object in the global coordinate space, respecting all stacked relationships. 
                  Note: This function is not available during recompute, as there the placements of parents can change 
                  after the execution of this object, rendering the result wrong.</UserDocu>
      </Documentation>
    </Methode>
    <Methode Name="getPropertyNameOfGeometry">
      <Documentation>
        <UserDocu>Returns the property name of the actual geometry or None.
For example for a part object it returns the value Shape,
for a mesh the value Mesh and so on.
If an object has no such property then None is returned.</UserDocu>
      </Documentation>
    </Methode>
    <Methode Name="getPropertyOfGeometry">
      <Documentation>
        <UserDocu>Returns the property of the actual geometry or None.
For example for a part object it returns its Shape property,
for a mesh its Mesh property and so on.
If an object has no such property then None is returned.
Unlike to getPropertyNameOfGeometry this function returns the geometry,
not its name.
</UserDocu>
      </Documentation>
    </Methode>
    <CustomAttributes />
  </PythonExport>
</GenerateModel>
